{
  "properties": {
    "connectionReferences": {
      "shared_office365users": {
        "runtimeSource": "invoker",
        "connection": {
          "connectionReferenceLogicalName": "ya_sharedoffice365users_edb32"
        },
        "api": {
          "name": "shared_office365users"
        }
      }
    },
    "definition": {
      "$schema": "https://schema.management.azure.com/providers/Microsoft.Logic/schemas/2016-06-01/workflowdefinition.json#",
      "contentVersion": "1.0.0.0",
      "parameters": {
        "$connections": {
          "defaultValue": {},
          "type": "Object"
        },
        "$authentication": {
          "defaultValue": {},
          "type": "SecureObject"
        }
      },
      "triggers": {
        "manual": {
          "metadata": {
            "operationMetadataId": "79f2ebfd-0cb6-4978-b7ac-e04e019e2a95"
          },
          "type": "Request",
          "kind": "PowerAppV2",
          "inputs": {
            "schema": {
              "type": "object",
              "properties": {
                "text": {
                  "title": "id",
                  "type": "string",
                  "x-ms-dynamically-added": true,
                  "description": "idを指定してください",
                  "x-ms-content-hint": "TEXT"
                },
                "text_1": {
                  "title": "subject",
                  "type": "string",
                  "x-ms-dynamically-added": true,
                  "description": "subjectを指定してください",
                  "x-ms-content-hint": "TEXT"
                }
              },
              "required": [
                "text",
                "text_1"
              ]
            }
          }
        }
      },
      "actions": {
        "HTTP_要求を送信します": {
          "runAfter": {},
          "metadata": {
            "operationMetadataId": "f33ac188-7bad-47b5-aa04-8210bf080810"
          },
          "type": "OpenApiConnection",
          "inputs": {
            "host": {
              "connectionName": "shared_office365users",
              "operationId": "HttpRequest",
              "apiId": "/providers/Microsoft.PowerApps/apis/shared_office365users"
            },
            "parameters": {
              "Uri": "https://graph.microsoft.com/v1.0/me/events/@{triggerBody()['text']}",
              "Method": "PATCH",
              "Body": "{\n  \"isOnlineMeeting\": true,\n  \"onlineMeetingProvider\": \"teamsForBusiness\",\n  \"subject\": \"@{triggerBody()['text_1']}\"\n}",
              "ContentType": "application/json"
            },
            "authentication": "@parameters('$authentication')"
          }
        },
        "PowerApp_または_Flow_に応答する": {
          "runAfter": {
            "HTTP_要求を送信します": [
              "Succeeded"
            ]
          },
          "metadata": {
            "operationMetadataId": "3fe1303b-1545-401e-8ebb-3ff2e45fcea9"
          },
          "type": "Response",
          "kind": "PowerApp",
          "inputs": {
            "statusCode": 200,
            "body": {
              "result": true,
              "body": "@{body('HTTP_要求を送信します')}"
            },
            "schema": {
              "type": "object",
              "properties": {
                "result": {
                  "title": "Result",
                  "x-ms-dynamically-added": true,
                  "type": "boolean"
                },
                "body": {
                  "title": "Body",
                  "x-ms-dynamically-added": true,
                  "type": "string"
                }
              }
            }
          }
        }
      }
    },
    "templateName": ""
  },
  "schemaVersion": "1.0.0.0"
}